{
  "baseline": {
    "weights": [
      0.49999962500053124,
      2.499995625300756e-07,
      2.4999956253007554e-07
    ],
    "outputs": [
      0.49999962500053124,
      0.4999998750000938,
      0.4999998750000938,
      0.5000001249996563
    ],
    "mse": 0.25000000000004685
  },
  "candidate": {
    "bias": -2.0,
    "weights": [
      -12.0,
      -12.0
    ],
    "residual_correlation": 0.5773446105856366,
    "refit_mse": 2.0512956764548918e-08,
    "candidate_score": 1.5773445900726804,
    "evaluated_candidates": 2197,
    "hidden_values": [
      0.11920292202211755,
      8.315280276641321e-07,
      8.315280276641321e-07,
      5.109089028037223e-12
    ]
  },
  "grown_model": {
    "weights": [
      1.9995957490327403,
      -0.9997255168617563,
      -0.9997255168617561,
      -16.773540437918154
    ],
    "outputs": [
      0.00014071617674726866,
      0.9998562845019868,
      0.9998562845019867,
      0.00014471522353037158
    ],
    "predictions": [
      0,
      1,
      1,
      0
    ],
    "mse": 2.0512956764548918e-08,
    "solves_xor": true
  },
  "comparison": {
    "mse_reduction": 0.24999997948709007,
    "error_reduction_factor": 12187419.047852919,
    "min_output_margin": 0.4998552847764696,
    "hidden_feature_frozen_before_refit": true
  },
  "growth_trace": [
    {
      "x": [
        0.0,
        0.0
      ],
      "target": 0.0,
      "baseline_output": 0.49999962500053124,
      "residual": -0.49999962500053124,
      "hidden_value": 0.11920292202211755,
      "grown_output": 0.00014071617674726866,
      "margin_from_threshold": 0.49985928382325273,
      "prediction": 0
    },
    {
      "x": [
        0.0,
        1.0
      ],
      "target": 1.0,
      "baseline_output": 0.4999998750000938,
      "residual": 0.5000001249999062,
      "hidden_value": 8.315280276641321e-07,
      "grown_output": 0.9998562845019868,
      "margin_from_threshold": 0.4998562845019868,
      "prediction": 1
    },
    {
      "x": [
        1.0,
        0.0
      ],
      "target": 1.0,
      "baseline_output": 0.4999998750000938,
      "residual": 0.5000001249999062,
      "hidden_value": 8.315280276641321e-07,
      "grown_output": 0.9998562845019867,
      "margin_from_threshold": 0.4998562845019867,
      "prediction": 1
    },
    {
      "x": [
        1.0,
        1.0
      ],
      "target": 0.0,
      "baseline_output": 0.5000001249996563,
      "residual": -0.5000001249996563,
      "hidden_value": 5.109089028037223e-12,
      "grown_output": 0.00014471522353037158,
      "margin_from_threshold": 0.4998552847764696,
      "prediction": 0
    }
  ]
}
